,Model,Word Count,Sentence Count,Character Count,Punctuation Count,Readability,Compression Ratio
0,Human,52.155,3.653,288.159,5.328,58.21245136016837,0.0694609071803573
1,T5,49.764,3.076,272.435,4.974,57.33122689127859,0.06627653312095294
2,PEGASUS,55.042,1.02,273.332,4.664,58.44890004724449,0.07330586239135704
3,Flan-T5,14.829,1.102,85.111,0.725,50.13868562156502,0.01974951188912891
4,DistilBART,60.592,3.012,332.691,5.433,54.77421371815739,0.08069744584166828
