,rouge1,rouge2,rougeL,bleu,avg_pred_length,avg_inference_time,length_ratio
finetuned,38.64593133882428,16.67463649067358,26.081242098514473,11.420375665743785,57.01266666666667,2.6997829396666666,1.2718376573642374
normal,36.287676409109835,14.822119565700392,24.26225555887477,8.453942554696717,54.36233333333333,2.690781328,1.2127140636967304
